date,description,amount,category
02/01/2025,Stipendio gennaio,"2.100,00",Stipendio
03/01/2025,Spesa Esselunga,"-64,30",Spesa
04/01/2025,Caffè al bar,"-1,20",Bar
07/01/2025,Abbonamento ATM,"-39,00",Trasporti
09/01/2025,Cena pizzeria,"-28,50",Ristoranti
12/01/2025,Bolletta luce,"-58,40",Casa
15/01/2025,Spesa Coop,"-42,15",Spesa
18/01/2025,Netflix,"-12,99",Abbonamenti
20/01/2025,Caffè al bar,"-1,20",Bar
22/01/2025,Benzina,"-55,00",Trasporti
25/01/2025,Affitto,"-750,00",Casa
28/01/2025,Farmacia,"-18,70",Salute
01/02/2025,Stipendio febbraio,"2.100,00",Stipendio
03/02/2025,Spesa Esselunga,"-71,05",Spesa
06/02/2025,Pranzo con colleghi,"-15,00",Ristoranti
10/02/2025,Bolletta gas,"-93,20",Casa
14/02/2025,Regalo San Valentino,"-45,00",Regali
18/02/2025,Netflix,"-12,99",Abbonamenti
21/02/2025,Caffè al bar,"-1,20",Bar
25/02/2025,Affitto,"-750,00",Casa
